{
  "aspect": 4.871782015793206,
  "volume": 10.468225684825917,
  "b0": 0.9367093702711209,
  "rmax_surf": 1.0943010186325168,
  "rmin_surf": 0.9011393695292036,
  "zmax_surf": 0.19381199884601757,
  "n_field_periods": 2,
  "mpol": 4,
  "ntor": 4,
  "iota_full": [
    0.2119156644167332,
    0.2121955394218859,
    0.2215679478772251,
    0.2500746482069365,
    0.2412812885008341,
    0.29106072955590934,
    0.31079875979258115,
    0.32736081374926423,
    0.33645615969689424,
    0.34627001671865687
  ],
  "vacuum_well": 0.00989146458820835,
  "magnetic_well": 0.01768358794018107,
  "max_elongation": 1.9369827791134133,
  "min_curvature_radius": 0.09661972720107324,
  "max_curvature": 5.029433417665378,
  "coil_complexity": 7.923717202203072,
  "bootstrap_current": 0.037004658584667255,
  "neoclassical_transport": 0.25141479532892674,
  "effective_ripple": 0.009369415690320194
}
