{
  "aspect": 4.69240101676196,
  "volume": 11.142148901220224,
  "b0": 0.9851329754780526,
  "rmax_surf": 1.0696143818355597,
  "rmin_surf": 0.8711156816247355,
  "zmax_surf": 0.21120474978946024,
  "n_field_periods": 3,
  "mpol": 4,
  "ntor": 4,
  "iota_full": [
    0.19554107367108375,
    0.21190254037855016,
    0.1973656031840377,
    0.2468679576629996,
    0.25410318549166117,
    0.2709668344868821,
    0.3009006466141458,
    0.3069438781860138,
    0.3159665498323499,
    0.3664934659340336
  ],
  "vacuum_well": 0.0120724995244004,
  "magnetic_well": 0.019365407701985006,
  "max_elongation": 2.2552634133527656,
  "min_curvature_radius": 0.11963886633261707,
  "max_curvature": 4.7299817130389314,
  "coil_complexity": 6.014288744319934,
  "bootstrap_current": 0.056275928459281144,
  "neoclassical_transport": 0.19511344316357948,
  "effective_ripple": 0.01067743164651422
}
