{
  "aspect": 4.714679703213323,
  "volume": 8.144592176636317,
  "b0": 1.1226363078275865,
  "rmax_surf": 1.0836239031998576,
  "rmin_surf": 0.9018529607074155,
  "zmax_surf": 0.19204353823686307,
  "n_field_periods": 4,
  "mpol": 4,
  "ntor": 4,
  "iota_full": [
    0.19737597140259788,
    0.21150344757084416,
    0.23725270681946356,
    0.22882210814786413,
    0.25758682363880564,
    0.26140333647074043,
    0.2979903639187329,
    0.30135676592043836,
    0.33117543851518655,
    0.341830531961224
  ],
  "vacuum_well": 0.012514874132129462,
  "magnetic_well": 0.013797657968903447,
  "max_elongation": 1.9863134089519852,
  "min_curvature_radius": 0.10906252371942957,
  "max_curvature": 4.925735241093249,
  "coil_complexity": 6.295647323193117,
  "bootstrap_current": 0.05749489329222923,
  "neoclassical_transport": 0.18875584542425075,
  "effective_ripple": 0.008968330817261947
}
