{
  "aspect": 5.2225989460301765,
  "volume": 9.563717009849624,
  "b0": 1.04411907533896,
  "rmax_surf": 1.0765989094386201,
  "rmin_surf": 0.9279692325577724,
  "zmax_surf": 0.21208629833813394,
  "n_field_periods": 4,
  "mpol": 4,
  "ntor": 4,
  "iota_full": [
    0.2029422462265961,
    0.2251661533867877,
    0.22403505564664286,
    0.24389104372988815,
    0.24711566399753565,
    0.2614957827412272,
    0.2748821043727093,
    0.3106644781798008,
    0.3184487931501466,
    0.3577316938547991
  ],
  "vacuum_well": 0.00858877999550558,
  "magnetic_well": 0.021265579556925727,
  "max_elongation": 2.0794762386705408,
  "min_curvature_radius": 0.10002264387850726,
  "max_curvature": 6.07209986994412,
  "coil_complexity": 9.940835930887573,
  "bootstrap_current": 0.05090927003761335,
  "neoclassical_transport": 0.20322665537554685,
  "effective_ripple": 0.009000110605452846
}
