{
  "aspect": 4.853163532083612,
  "volume": 11.02208719828497,
  "b0": 0.9194743695745852,
  "rmax_surf": 1.1008436863076585,
  "rmin_surf": 0.9026858052021145,
  "zmax_surf": 0.20356489595331012,
  "n_field_periods": 3,
  "mpol": 4,
  "ntor": 4,
  "iota_full": [
    0.20408773618791023,
    0.20671575471164091,
    0.22308425304272134,
    0.23879798950041164,
    0.25961793492608864,
    0.26365194207520104,
    0.2861190244468089,
    0.3268671333689959,
    0.3326350952134504,
    0.3524168930167811
  ],
  "vacuum_well": 0.009255678179041823,
  "magnetic_well": 0.023859814577633316,
  "max_elongation": 1.978941737629405,
  "min_curvature_radius": 0.1097567748387897,
  "max_curvature": 6.599256349807197,
  "coil_complexity": 10.63006525513468,
  "bootstrap_current": 0.03873461942488114,
  "neoclassical_transport": 0.14559238627678744,
  "effective_ripple": 0.008634793529526879
}
