aspect_ratio,volume,b0,rmax_surf,rmin_surf,zmax_surf,vacuum_well,magnetic_well,max_elongation,min_curvature_radius,max_curvature,coil_complexity,bootstrap_current,neoclassical_transport,effective_ripple
4.853163532083612,11.02208719828497,0.9194743695745852,1.1008436863076585,0.9026858052021145,0.20356489595331012,0.009255678179041823,0.023859814577633316,1.978941737629405,0.1097567748387897,6.599256349807197,10.63006525513468,0.03873461942488114,0.14559238627678744,0.008634793529526879
4.714679703213323,8.144592176636317,1.1226363078275865,1.0836239031998576,0.9018529607074155,0.19204353823686307,0.012514874132129462,0.013797657968903447,1.9863134089519852,0.10906252371942957,4.925735241093249,6.295647323193117,0.05749489329222923,0.18875584542425075,0.008968330817261947
4.871782015793206,10.468225684825917,0.9367093702711209,1.0943010186325168,0.9011393695292036,0.19381199884601757,0.00989146458820835,0.01768358794018107,1.9369827791134133,0.09661972720107324,5.029433417665378,7.923717202203072,0.037004658584667255,0.25141479532892674,0.009369415690320194
5.2225989460301765,9.563717009849624,1.04411907533896,1.0765989094386201,0.9279692325577724,0.21208629833813394,0.00858877999550558,0.021265579556925727,2.0794762386705408,0.10002264387850726,6.07209986994412,9.940835930887573,0.05090927003761335,0.20322665537554685,0.009000110605452846
4.69240101676196,11.142148901220224,0.9851329754780526,1.0696143818355597,0.8711156816247355,0.21120474978946024,0.0120724995244004,0.019365407701985006,2.2552634133527656,0.11963886633261707,4.7299817130389314,6.014288744319934,0.056275928459281144,0.19511344316357948,0.01067743164651422
